ap50,max_conf,mean_conf,views_above_0.5,views_below_0.1,total_views
0.5270879708000498,0.2917914092540741,0.07059636607559192,0,262,360
