ap50,max_conf,mean_conf,views_above_0.5,views_below_0.1,total_views
0.8302551721788953,0.6658517718315125,0.1659621203525199,33,181,360
