ap50,max_conf,mean_conf,views_above_0.5,views_below_0.1,total_views
0.17705887681672342,0.8474283218383789,0.3826000418824454,144,98,360
