ap50,max_conf,mean_conf,views_above_0.5,views_below_0.1,total_views
0.9999999999999999,0.9071686267852783,0.8381576336092419,360,0,360
